{
  "active_prediction_evaluation": null,
  "current_cycle_depletion_rate_samples": [
    490.4960977661057
  ],
  "depletion_rate_history": {
    "HIGH_TRAFFIC": [
      207.6049788332377,
      314.4295851315684,
      311.83070116476455,
      160.18732154694237,
      44.088135730646826,
      285.526439842047,
      140.0514791506594,
      281.34700662948507,
      118.86471241856174,
      635.7225341211578,
      619.1341448170439,
      331.46358408479813,
      224.95436277419796,
      225.6851346354219,
      174.3607709944475,
      135.09221984419887,
      257.3995786830133,
      202.6892649110593,
      145.98420268446702,
      79.29928887406788
    ],
    "LOW_TRAFFIC": [
      80.92306814276021,
      146.0294057645992,
      337.2747609411937,
      147.0657530385623,
      32.745615514813984,
      57.65080139203694,
      0.9897300904595983,
      58.63243241089096,
      476.6247936577451,
      262.4209654489511,
      315.7706977793819,
      207.1008235177108,
      184.8883794186878,
      133.60636699054294,
      130.9458264188817,
      222.1616706597217,
      205.0071703639729,
      300.00252775376157,
      152.793048624893,
      286.7439785368592
    ],
    "MID_TRAFFIC": [
      67.7241666436925,
      466.96440746679315,
      318.05968773244746,
      146.23045403248224,
      169.0337299516467,
      176.20067650871306,
      467.54980281529345,
      263.72806642681456,
      280.02950255067,
      582.4277786555796,
      335.5456678347874,
      621.8871596772088,
      460.79678465358944,
      256.72690580134935,
      198.4661961431901,
      323.6937881904983,
      464.94011965554347,
      552.326419953539,
      484.59025534088653,
      239.3088844504674
    ]
  },
  "depletion_rate_per_minute": 256.72690580134935,
  "depletion_to_restock_interval_ticks": [
    117,
    120,
    118,
    124,
    117,
    115,
    113,
    124
  ],
  "last_estimated_depleted_at": null,
  "last_estimated_restock_at": null,
  "last_notified_restock_normalized_at": null,
  "last_observed_at": "2026-06-03T11:40:39.673588+00:00",
  "last_positive_observation": null,
  "last_predicted_restock_at": null,
  "last_quantity": 0,
  "last_restock_normalized_at": null,
  "pending_notifications": [],
  "prediction_accuracy": {
    "accuracy": null,
    "correct_count": 0,
    "evaluated_count": 0,
    "last_error_ticks": null,
    "tolerance_ticks": null
  },
  "prediction_evaluation_history": [],
  "recent_depleted_times": [],
  "recent_restock_times": [],
  "sent_notification_keys": []
}
